#Pdb,Mutation(s)_PDB,Mutation(s)_cleaned,iMutation_Location(s),Hold_out_type,Hold_out_proteins,Affinity_mut (M),Affinity_mut_parsed,Affinity_wt (M),Affinity_wt_parsed,Reference,Protein 1,Protein 2,Temperature,kon_mut (M^(-1)s^(-1)),kon_mut_parsed,kon_wt (M^(-1)s^(-1)),kon_wt_parsed,koff_mut (s^(-1)),koff_mut_parsed,koff_wt (s^(-1)),koff_wt_parsed,dH_mut (kcal mol^(-1)),dH_wt (kcal mol^(-1)),dS_mut (cal mol^(-1) K^(-1)),dS_wt (cal mol^(-1) K^(-1)),Notes,Method,SKEMPI version,Temperature_K,ddG_kcal_mol,is_single_mutation,n_mutations,complex_code,is_1brs,mutation_chains,mutation_positions,mutation_proteins,all_mutations_parsed,wildtype_matches_structure,interface_any_5A,interface_any_8A,min_partner_distance,sum_contact_count_5A,sum_contact_count_8A
1BRS_A_D,KA27A,KA25A,COR,,"1BRS_A_D,1B2U_A_D,1B2S_A_D,1B3S_A_D,1X1W_A_D,1X1X_A_D",8.8E-11,8.8e-11,1E-14,1e-14,7739054,Barnase,Barstar,298,51000000.0,51000000.0,370000000.0,370000000.0,4.5E-03,0.0045,3.73E-06,3.73e-06,-13.1,-19.3,1.68,-1.01,"Thermodynamic data from 9126847.,,",ITC,1,298.0,5.37854138395761,True,1,1BRS_A_D,True,A,25,Barnase,True,False,False,False,10.11322624091838,0,0
1BRS_A_D,RA59A,RA57A,COR,,"1BRS_A_D,1B2U_A_D,1B2S_A_D,1B3S_A_D,1X1W_A_D,1X1X_A_D",7E-11,7e-11,1E-14,1e-14,7739054,Barnase,Barstar,298,34000000.0,34000000.0,370000000.0,370000000.0,2.4E-03,0.0024,3.73E-06,3.73e-06,-11.9,-19.3,6.37,-1.01,"Thermodynamic data from 9126847.,,",ITC,1,298.0,5.243024409666778,True,1,1BRS_A_D,True,A,57,Barnase,True,False,True,True,4.514876963993591,1,4
1BRS_A_D,RA83Q,RA81Q,COR,,"1BRS_A_D,1B2U_A_D,1B2S_A_D,1B3S_A_D,1X1W_A_D,1X1X_A_D",9.4E-11,9.4e-11,1E-14,1e-14,7739054,Barnase,Barstar,298,110000000.0,110000000.0,370000000.0,370000000.0,1E-02,0.01,3.73E-06,3.73e-06,,,,,,SFFL,1,298.0,5.417600826394781,True,1,1BRS_A_D,True,A,81,Barnase,True,False,False,True,7.098030853694568,0,1
1BRS_A_D,RA87A,RA85A,SUP,,"1BRS_A_D,1B2U_A_D,1B2S_A_D,1B3S_A_D,1X1W_A_D,1X1X_A_D",1.2E-10,1.2e-10,1E-14,1e-14,7739054,Barnase,Barstar,298,140000000.0,140000000.0,370000000.0,370000000.0,1.7E-02,0.017,3.73E-06,3.73e-06,-17.3,-19.3,-12.7,-1.01,"Thermodynamic data from 9126847.,,",ITC,1,298.0,5.562211059878031,True,1,1BRS_A_D,True,A,85,Barnase,True,False,True,True,3.55007352036546,1,7
1BRS_A_D,HA102A,HA100A,COR,,"1BRS_A_D,1B2U_A_D,1B2S_A_D,1B3S_A_D,1X1W_A_D,1X1X_A_D",3.2E-10,3.2e-10,1E-14,1e-14,7739054,Barnase,Barstar,298,400000000.0,400000000.0,370000000.0,370000000.0,1.29E-01,0.129,3.73E-06,3.73e-06,-10.9,-19.3,6.71,-1.01,"Thermodynamic data from 9126847.,,",ITC,1,298.0,6.143045264316185,True,1,1BRS_A_D,True,A,100,Barnase,True,False,False,True,6.445272686240668,0,1
1BRS_A_D,YD29F,YD29F,RIM,,"1BRS_A_D,1B2U_A_D,1B2S_A_D,1B3S_A_D,1X1W_A_D,1X1X_A_D",8E-15,8e-15,1E-14,1e-14,7739054,Barnase,Barstar,298,300000000.0,300000000.0,370000000.0,370000000.0,2.4E-06,2.4e-06,3.73E-06,3.73e-06,-18.8,-19.3,1.01,-1.01,"Thermodynamic data from 9126847.,,",ITC,1,298.0,-0.13214268100703117,True,1,1BRS_A_D,True,D,29,Barstar,True,True,True,True,2.652377989653812,7,12
1BRS_A_D,YD29A,YD29A,RIM,,"1BRS_A_D,1B2U_A_D,1B2S_A_D,1B3S_A_D,1X1W_A_D,1X1X_A_D",3.5E-12,3.5e-12,1E-14,1e-14,7739054,Barnase,Barstar,298,290000000.0,290000000.0,370000000.0,370000000.0,1E-03,0.001,3.73E-06,3.73e-06,-14.2,-19.3,4.7,-1.01,"Thermodynamic data from 9126847.,,",ITC,1,298.0,3.4689910940040063,True,1,1BRS_A_D,True,D,29,Barstar,True,True,True,True,2.652377989653812,7,12
1BRS_A_D,DD35A,DD35A,COR,,"1BRS_A_D,1B2U_A_D,1B2S_A_D,1B3S_A_D,1X1W_A_D,1X1X_A_D",2E-11,2e-11,1E-14,1e-14,7739054,Barnase,Barstar,298,190000000.0,190000000.0,370000000.0,370000000.0,3.8E-03,0.0038,3.73E-06,3.73e-06,-14.4,-19.3,0.335,-1.01,"Thermodynamic data from 9126847.,,",ITC,1,298.0,4.501154629660444,True,1,1BRS_A_D,True,D,35,Barstar,True,True,True,True,2.877266237246737,7,17
1BRS_A_D,WD38F,WD38F,COR,,"1BRS_A_D,1B2U_A_D,1B2S_A_D,1B3S_A_D,1X1W_A_D,1X1X_A_D",1.6E-13,1.6e-13,1E-14,1e-14,7739054,Barnase,Barstar,298,430000000.0,430000000.0,370000000.0,370000000.0,7E-05,7e-05,3.73E-06,3.73e-06,,,,,,SFFL,1,298.0,1.6418906346557403,True,1,1BRS_A_D,True,D,38,Barstar,True,True,True,True,3.263398228840605,4,11
1BRS_A_D,DD39A,DD39A,COR,,"1BRS_A_D,1B2U_A_D,1B2S_A_D,1B3S_A_D,1X1W_A_D,1X1X_A_D",4.06E-09,4.06e-09,1E-14,1e-14,7739054,Barnase,Barstar,298,190000000.0,190000000.0,370000000.0,370000000.0,9E-01,0.9,3.73E-06,3.73e-06,-7.4,-19.3,13.1,-1.01,"Thermodynamic data from 9126847. ITC dG(mut) is -11.1 kcal/mol,,",ITC,1,298.0,7.647565443139597,True,1,1BRS_A_D,True,D,39,Barstar,True,True,True,True,2.497251489137609,6,17
1BRS_A_D,TD42A,TD42A,COR,,"1BRS_A_D,1B2U_A_D,1B2S_A_D,1B3S_A_D,1X1W_A_D,1X1X_A_D",2.3E-13,2.3e-13,1E-14,1e-14,7739054,Barnase,Barstar,298,320000000.0,320000000.0,370000000.0,370000000.0,7.2E-05,7.2e-05,3.73E-06,3.73e-06,,,,,,SFFL,1,298.0,1.8567985027337526,True,1,1BRS_A_D,True,D,42,Barstar,True,True,True,True,2.9486393472244137,2,12
1BRS_A_D,WD44F,WD44F,COR,,"1BRS_A_D,1B2U_A_D,1B2S_A_D,1B3S_A_D,1X1W_A_D,1X1X_A_D",1.1E-14,1.1e-14,1E-14,1e-14,7739054,Barnase,Barstar,298,310000000.0,310000000.0,370000000.0,370000000.0,3.4E-06,3.4e-06,3.73E-06,3.73e-06,,,,,,SFFL,1,298.0,0.056441436969295364,True,1,1BRS_A_D,True,D,44,Barstar,True,True,True,True,3.3462265314828863,4,14
1BRS_A_D,ED76A,ED74A,RIM,,"1BRS_A_D,1B2U_A_D,1B2S_A_D,1B3S_A_D,1X1W_A_D,1X1X_A_D",1E-13,1e-13,1E-14,1e-14,7739054,Barnase,Barstar,298,200000000.0,200000000.0,370000000.0,370000000.0,2.1E-05,2.1e-05,3.73E-06,3.73e-06,-17.8,-19.3,-0.335,-1.01,"Thermodynamic data from 9126847.,,",ITC,1,298.0,1.3635606569988366,True,1,1BRS_A_D,True,D,74,Barstar,True,False,False,True,7.217779921831924,0,1
1BRS_A_D,ED80A,ED78A,SUR,,"1BRS_A_D,1B2U_A_D,1B2S_A_D,1B3S_A_D,1X1W_A_D,1X1X_A_D",2.5E-14,2.5e-14,1E-14,1e-14,7739054,Barnase,Barstar,298,210000000.0,210000000.0,370000000.0,370000000.0,5.2E-06,5.2e-06,3.73E-06,3.73e-06,,,,,,SFFL,1,298.0,0.5426153396709663,True,1,1BRS_A_D,True,D,78,Barstar,True,False,False,False,9.268577344986664,0,0
1BRS_A_D,"KA27A,YD29A","KA25A,YD29A","COR,RIM",,"1BRS_A_D,1B2U_A_D,1B2S_A_D,1B3S_A_D,1X1W_A_D,1X1X_A_D",2.1E-08,2.1e-08,1E-14,1e-14,7739054,Barnase,Barstar,298,46000000.0,46000000.0,370000000.0,370000000.0,9.7E-01,0.97,3.73E-06,3.73e-06,,,,,,SFFL,1,298.0,8.620729495218102,False,2,1BRS_A_D,True,"A,D","25,29","Barnase,Barstar",True,False,True,True,2.652377989653812,7,12
1BRS_A_D,"KA27A,DD35A","KA25A,DD35A","COR,COR",,"1BRS_A_D,1B2U_A_D,1B2S_A_D,1B3S_A_D,1X1W_A_D,1X1X_A_D",1E-07,1e-07,1E-14,1e-14,7739054,Barnase,Barstar,298,37000000.0,37000000.0,370000000.0,370000000.0,3.6E+00,3.6,3.73E-06,3.73e-06,,,,,,SFFL,1,298.0,9.544924598991855,False,2,1BRS_A_D,True,"A,D","25,35","Barnase,Barstar",True,False,True,True,2.877266237246737,7,17
1BRS_A_D,"KA27A,WD38F","KA25A,WD38F","COR,COR",,"1BRS_A_D,1B2U_A_D,1B2S_A_D,1B3S_A_D,1X1W_A_D,1X1X_A_D",5.6E-11,5.6e-11,1E-14,1e-14,7739054,Barnase,Barstar,298,38000000.0,38000000.0,370000000.0,370000000.0,2.1E-02,0.021,3.73E-06,3.73e-06,,,,,,SFFL,1,298.0,5.110881728659748,False,2,1BRS_A_D,True,"A,D","25,38","Barnase,Barstar",True,False,True,True,3.263398228840605,4,11
1BRS_A_D,"KA27A,DD39A","KA25A,DD39A","COR,COR",,"1BRS_A_D,1B2U_A_D,1B2S_A_D,1B3S_A_D,1X1W_A_D,1X1X_A_D",1.17E-08,1.17e-08,1E-14,1e-14,7739054,Barnase,Barstar,298,58000000.0,58000000.0,370000000.0,370000000.0,6.8E-01,0.68,3.73E-06,3.73e-06,-10.6,-19.3,0.671,-1.01,"Thermodynamic data from 9126847. ITC dG(mut) is -10.3 kcal/mol,,",ITC,1,298.0,8.274339500433646,False,2,1BRS_A_D,True,"A,D","25,39","Barnase,Barstar",True,False,True,True,2.497251489137609,6,17
1BRS_A_D,"KA27A,TD42A","KA25A,TD42A","COR,COR",,"1BRS_A_D,1B2U_A_D,1B2S_A_D,1B3S_A_D,1X1W_A_D,1X1X_A_D",1.57E-10,1.57e-10,1E-14,1e-14,7739054,Barnase,Barstar,298,43000000.0,43000000.0,370000000.0,370000000.0,6.8E-03,0.0068,3.73E-06,3.73e-06,,,,,,SFFL,1,298.0,5.721363686740324,False,2,1BRS_A_D,True,"A,D","25,42","Barnase,Barstar",True,False,True,True,2.9486393472244137,2,12
1BRS_A_D,"KA27A,ED76A","KA25A,ED74A","COR,RIM",,"1BRS_A_D,1B2U_A_D,1B2S_A_D,1B3S_A_D,1X1W_A_D,1X1X_A_D",8.1E-10,8.1e-10,1E-14,1e-14,7739054,Barnase,Barstar,298,16000000.0,16000000.0,370000000.0,370000000.0,1.3E-02,0.013,3.73E-06,3.73e-06,,,,,,SFFL,1,298.0,6.693017057211117,False,2,1BRS_A_D,True,"A,D","25,74","Barnase,Barstar",True,False,False,True,7.217779921831924,0,1
1BRS_A_D,"KA27A,ED80A","KA25A,ED78A","COR,SUR",,"1BRS_A_D,1B2U_A_D,1B2S_A_D,1B3S_A_D,1X1W_A_D,1X1X_A_D",1.1E-10,1.1e-10,1E-14,1e-14,7739054,Barnase,Barstar,298,32000000.0,32000000.0,370000000.0,370000000.0,3.5E-03,0.0035,3.73E-06,3.73e-06,,,,,,SFFL,1,298.0,5.510684064964641,False,2,1BRS_A_D,True,"A,D","25,78","Barnase,Barstar",True,False,False,False,9.268577344986664,0,0
1BRS_A_D,"RA59A,YD29A","RA57A,YD29A","COR,RIM",,"1BRS_A_D,1B2U_A_D,1B2S_A_D,1B3S_A_D,1X1W_A_D,1X1X_A_D",9E-09,9e-09,1E-14,1e-14,7739054,Barnase,Barstar,298,28000000.0,28000000.0,370000000.0,370000000.0,2.5E-01,0.25,3.73E-06,3.73e-06,,,,,,SFFL,1,298.0,8.118970828101487,False,2,1BRS_A_D,True,"A,D","57,29","Barnase,Barstar",True,False,True,True,2.652377989653812,8,16
1BRS_A_D,"RA59A,DD35A","RA57A,DD35A","COR,COR",,"1BRS_A_D,1B2U_A_D,1B2S_A_D,1B3S_A_D,1X1W_A_D,1X1X_A_D",4.4E-10,4.4e-10,1E-14,1e-14,7739054,Barnase,Barstar,298,31000000.0,31000000.0,370000000.0,370000000.0,1.4E-02,0.014,3.73E-06,3.73e-06,,,,,,SFFL,1,298.0,6.331629382292511,False,2,1BRS_A_D,True,"A,D","57,35","Barnase,Barstar",True,False,True,True,2.877266237246737,8,21
1BRS_A_D,"RA59A,WD38F","RA57A,WD38F","COR,COR",,"1BRS_A_D,1B2U_A_D,1B2S_A_D,1B3S_A_D,1X1W_A_D,1X1X_A_D",4E-10,4e-10,1E-14,1e-14,7739054,Barnase,Barstar,298,33000000.0,33000000.0,370000000.0,370000000.0,1.3E-02,0.013,3.73E-06,3.73e-06,,,,,,SFFL,1,298.0,6.275187945323215,False,2,1BRS_A_D,True,"A,D","57,38","Barnase,Barstar",True,False,True,True,3.263398228840605,5,15
1BRS_A_D,"RA59A,TD42A","RA57A,TD42A","COR,COR",,"1BRS_A_D,1B2U_A_D,1B2S_A_D,1B3S_A_D,1X1W_A_D,1X1X_A_D",1E-09,1e-09,1E-14,1e-14,7739054,Barnase,Barstar,298,21000000.0,21000000.0,370000000.0,370000000.0,2.3E-02,0.023,3.73E-06,3.73e-06,,,,,,SFFL,1,298.0,6.817803284994182,False,2,1BRS_A_D,True,"A,D","57,42","Barnase,Barstar",True,False,True,True,2.9486393472244137,3,16
1BRS_A_D,"RA59A,ED76A","RA57A,ED74A","COR,RIM",,"1BRS_A_D,1B2U_A_D,1B2S_A_D,1B3S_A_D,1X1W_A_D,1X1X_A_D",4.4E-11,4.4e-11,1E-14,1e-14,7739054,Barnase,Barstar,298,36000000.0,36000000.0,370000000.0,370000000.0,1.6E-03,0.0016,3.73E-06,3.73e-06,,,,,,SFFL,1,298.0,4.968068725293675,False,2,1BRS_A_D,True,"A,D","57,74","Barnase,Barstar",True,False,True,True,4.514876963993591,1,5
1BRS_A_D,"RA59A,ED80A","RA57A,ED78A","COR,SUR",,"1BRS_A_D,1B2U_A_D,1B2S_A_D,1B3S_A_D,1X1W_A_D,1X1X_A_D",6.5E-11,6.5e-11,1E-14,1e-14,7739054,Barnase,Barstar,298,31000000.0,31000000.0,370000000.0,370000000.0,2E-03,0.002,3.73E-06,3.73e-06,,,,,,SFFL,1,298.0,5.19913864166357,False,2,1BRS_A_D,True,"A,D","57,78","Barnase,Barstar",True,False,True,True,4.514876963993591,1,4
1BRS_A_D,"RA83Q,YD29A","RA81Q,YD29A","COR,RIM",,"1BRS_A_D,1B2U_A_D,1B2S_A_D,1B3S_A_D,1X1W_A_D,1X1X_A_D",1.2E-08,1.2e-08,1E-14,1e-14,7739054,Barnase,Barstar,298,93000000.0,93000000.0,370000000.0,370000000.0,1.1E+00,1.1,3.73E-06,3.73e-06,,,,,,SFFL,1,298.0,8.289332373875704,False,2,1BRS_A_D,True,"A,D","81,29","Barnase,Barstar",True,False,True,True,2.652377989653812,7,13
1BRS_A_D,"RA83Q,DD35A","RA81Q,DD35A","COR,COR",,"1BRS_A_D,1B2U_A_D,1B2S_A_D,1B3S_A_D,1X1W_A_D,1X1X_A_D",1.1E-07,1.1e-07,1E-14,1e-14,7739054,Barnase,Barstar,298,63000000.0,63000000.0,370000000.0,370000000.0,7.1E+00,7.1,3.73E-06,3.73e-06,,,,,,SFFL,1,298.0,9.601366035961151,False,2,1BRS_A_D,True,"A,D","81,35","Barnase,Barstar",True,False,True,True,2.877266237246737,7,18
1BRS_A_D,"RA83Q,WD38F","RA81Q,WD38F","COR,COR",,"1BRS_A_D,1B2U_A_D,1B2S_A_D,1B3S_A_D,1X1W_A_D,1X1X_A_D",9E-10,9e-10,1E-14,1e-14,7739054,Barnase,Barstar,298,100000000.0,100000000.0,370000000.0,370000000.0,9.1E-02,0.091,3.73E-06,3.73e-06,,,,,,SFFL,1,298.0,6.75541017110265,False,2,1BRS_A_D,True,"A,D","81,38","Barnase,Barstar",True,False,True,True,3.263398228840605,4,12
1BRS_A_D,"RA83Q,DD39A","RA81Q,DD39A","COR,COR",,"1BRS_A_D,1B2U_A_D,1B2S_A_D,1B3S_A_D,1X1W_A_D,1X1X_A_D",5.25E-10,5.25e-10,1E-14,1e-14,7739054,Barnase,Barstar,298,100000000.0,100000000.0,370000000.0,370000000.0,5.3E-02,0.053,3.73E-06,3.73e-06,,,,,,SFFL,1,298.0,6.436223520891397,False,2,1BRS_A_D,True,"A,D","81,39","Barnase,Barstar",True,False,True,True,2.497251489137609,6,18
1BRS_A_D,"RA83Q,TD42A","RA81Q,TD42A","COR,COR",,"1BRS_A_D,1B2U_A_D,1B2S_A_D,1B3S_A_D,1X1W_A_D,1X1X_A_D",3E-10,3e-10,1E-14,1e-14,7739054,Barnase,Barstar,298,120000000.0,120000000.0,370000000.0,370000000.0,3.5E-02,0.035,3.73E-06,3.73e-06,,,,,,SFFL,1,298.0,6.1048263995489975,False,2,1BRS_A_D,True,"A,D","81,42","Barnase,Barstar",True,False,True,True,2.9486393472244137,2,13
1BRS_A_D,"RA83Q,ED76A","RA81Q,ED74A","COR,RIM",,"1BRS_A_D,1B2U_A_D,1B2S_A_D,1B3S_A_D,1X1W_A_D,1X1X_A_D",8.45E-10,8.45e-10,1E-14,1e-14,7739054,Barnase,Barstar,298,40000000.0,40000000.0,370000000.0,370000000.0,3.4E-02,0.034,3.73E-06,3.73e-06,,,,,,SFFL,1,298.0,6.718067970994568,False,2,1BRS_A_D,True,"A,D","81,74","Barnase,Barstar",True,False,False,True,7.098030853694568,0,2
1BRS_A_D,"RA83Q,ED80A","RA81Q,ED78A","COR,SUR",,"1BRS_A_D,1B2U_A_D,1B2S_A_D,1B3S_A_D,1X1W_A_D,1X1X_A_D",1.68E-10,1.68e-10,1E-14,1e-14,7739054,Barnase,Barstar,298,63000000.0,63000000.0,370000000.0,370000000.0,1.1E-02,0.011,3.73E-06,3.73e-06,,,,,,SFFL,1,298.0,5.761465500213399,False,2,1BRS_A_D,True,"A,D","81,78","Barnase,Barstar",True,False,False,True,7.098030853694568,0,1
1BRS_A_D,"RA87A,YD29A","RA85A,YD29A","SUP,RIM",,"1BRS_A_D,1B2U_A_D,1B2S_A_D,1B3S_A_D,1X1W_A_D,1X1X_A_D",8E-09,8e-09,1E-14,1e-14,7739054,Barnase,Barstar,298,160000000.0,160000000.0,370000000.0,370000000.0,1.3E+00,1.3,3.73E-06,3.73e-06,,,,,,SFFL,1,298.0,8.049221260985988,False,2,1BRS_A_D,True,"A,D","85,29","Barnase,Barstar",True,False,True,True,2.652377989653812,8,19
1BRS_A_D,"RA87A,WD38F","RA85A,WD38F","SUP,COR",,"1BRS_A_D,1B2U_A_D,1B2S_A_D,1B3S_A_D,1X1W_A_D,1X1X_A_D",1.45E-09,1.45e-09,1E-14,1e-14,7739054,Barnase,Barstar,298,190000000.0,190000000.0,370000000.0,370000000.0,2.75E-01,0.275,3.73E-06,3.73e-06,,,,,,SFFL,1,298.0,7.037838344140294,False,2,1BRS_A_D,True,"A,D","85,38","Barnase,Barstar",True,False,True,True,3.263398228840605,5,18
1BRS_A_D,"RA87A,DD39A","RA85A,DD39A","SUP,COR",,"1BRS_A_D,1B2U_A_D,1B2S_A_D,1B3S_A_D,1X1W_A_D,1X1X_A_D",1.85E-09,1.85e-09,1E-14,1e-14,7739054,Barnase,Barstar,298,160000000.0,160000000.0,370000000.0,370000000.0,3E-01,0.3,3.73E-06,3.73e-06,-13.4,-19.3,-5.03,-1.01,"Thermodynamic data from 9126847.,,",ITC,1,298.0,7.18210814250691,False,2,1BRS_A_D,True,"A,D","85,39","Barnase,Barstar",True,False,True,True,2.497251489137609,7,24
1BRS_A_D,"RA87A,TD42A","RA85A,TD42A","SUP,COR",,"1BRS_A_D,1B2U_A_D,1B2S_A_D,1B3S_A_D,1X1W_A_D,1X1X_A_D",1.4E-09,1.4e-09,1E-14,1e-14,7739054,Barnase,Barstar,298,110000000.0,110000000.0,370000000.0,370000000.0,3.1E-01,0.31,3.73E-06,3.73e-06,,,,,,SFFL,1,298.0,7.017057725329549,False,2,1BRS_A_D,True,"A,D","85,42","Barnase,Barstar",True,False,True,True,2.9486393472244137,3,19
1BRS_A_D,"RA87A,ED76A","RA85A,ED74A","SUP,RIM",,"1BRS_A_D,1B2U_A_D,1B2S_A_D,1B3S_A_D,1X1W_A_D,1X1X_A_D",1.08E-09,1.08e-09,1E-14,1e-14,7739054,Barnase,Barstar,298,69000000.0,69000000.0,370000000.0,370000000.0,7.4E-02,0.074,3.73E-06,3.73e-06,,,,,,SFFL,1,298.0,6.863378602985335,False,2,1BRS_A_D,True,"A,D","85,74","Barnase,Barstar",True,False,True,True,3.55007352036546,1,8
1BRS_A_D,"RA87A,ED80A","RA85A,ED78A","SUP,SUR",,"1BRS_A_D,1B2U_A_D,1B2S_A_D,1B3S_A_D,1X1W_A_D,1X1X_A_D",3.1E-10,3.1e-10,1E-14,1e-14,7739054,Barnase,Barstar,298,76000000.0,76000000.0,370000000.0,370000000.0,2.4E-02,0.024,3.73E-06,3.73e-06,,,,,,SFFL,1,298.0,6.124244102064067,False,2,1BRS_A_D,True,"A,D","85,78","Barnase,Barstar",True,False,True,True,3.55007352036546,1,7
1BRS_A_D,"HA102A,YD29A","HA100A,YD29A","COR,RIM",,"1BRS_A_D,1B2U_A_D,1B2S_A_D,1B3S_A_D,1X1W_A_D,1X1X_A_D",4.2E-10,4.2e-10,1E-14,1e-14,7739054,Barnase,Barstar,298,360000000.0,360000000.0,370000000.0,370000000.0,1.5E-01,0.15,3.73E-06,3.73e-06,-13.3,-19.3,-2.01,-1.01,"Thermodynamic data from 9126847.,,",ITC,1,298.0,6.304080839884365,False,2,1BRS_A_D,True,"A,D","100,29","Barnase,Barstar",True,False,True,True,2.652377989653812,7,13
1BRS_A_D,"HA102A,YD29F","HA100A,YD29F","COR,RIM",,"1BRS_A_D,1B2U_A_D,1B2S_A_D,1B3S_A_D,1X1W_A_D,1X1X_A_D",1.17E-10,1.17e-10,1E-14,1e-14,7739054,Barnase,Barstar,298,390000000.0,390000000.0,370000000.0,370000000.0,4.5E-02,0.045,3.73E-06,3.73e-06,-12.0,-19.3,5.03,-1.01,"Thermodynamic data from 9126847.,,",ITC,1,298.0,5.547218186435974,False,2,1BRS_A_D,True,"A,D","100,29","Barnase,Barstar",True,False,True,True,2.652377989653812,7,13
1BRS_A_D,"HA102A,WD38F","HA100A,WD38F","COR,COR",,"1BRS_A_D,1B2U_A_D,1B2S_A_D,1B3S_A_D,1X1W_A_D,1X1X_A_D",4E-09,4e-09,1E-14,1e-14,7739054,Barnase,Barstar,298,320000000.0,320000000.0,370000000.0,370000000.0,1.28E+00,1.28,3.73E-06,3.73e-06,,,,,,SFFL,1,298.0,7.638748602322052,False,2,1BRS_A_D,True,"A,D","100,38","Barnase,Barstar",True,False,True,True,3.263398228840605,4,12
1BRS_A_D,"HA102A,DD39A","HA100A,DD39A","COR,COR",,"1BRS_A_D,1B2U_A_D,1B2S_A_D,1B3S_A_D,1X1W_A_D,1X1X_A_D",3.9E-08,3.9e-08,1E-14,1e-14,7739054,Barnase,Barstar,298,440000000.0,440000000.0,370000000.0,370000000.0,1.7E+01,17.0,3.73E-06,3.73e-06,-2.4,-19.3,25.8,-1.01,"Thermodynamic data from 9126847. ITC dG(mut) is -8.3 kcal/mol,,",ITC,1,298.0,8.98731638587883,False,2,1BRS_A_D,True,"A,D","100,39","Barnase,Barstar",True,False,True,True,2.497251489137609,6,18
1BRS_A_D,"HA102A,TD42A","HA100A,TD42A","COR,COR",,"1BRS_A_D,1B2U_A_D,1B2S_A_D,1B3S_A_D,1X1W_A_D,1X1X_A_D",9.2E-09,9.2e-09,1E-14,1e-14,7739054,Barnase,Barstar,298,270000000.0,270000000.0,370000000.0,370000000.0,2.4E+00,2.4,3.73E-06,3.73e-06,,,,,,SFFL,1,298.0,8.131986448056967,False,2,1BRS_A_D,True,"A,D","100,42","Barnase,Barstar",True,False,True,True,2.9486393472244137,2,13
1BRS_A_D,"HA102A,ED76A","HA100A,ED74A","COR,RIM",,"1BRS_A_D,1B2U_A_D,1B2S_A_D,1B3S_A_D,1X1W_A_D,1X1X_A_D",3.5E-09,3.5e-09,1E-14,1e-14,7739054,Barnase,Barstar,298,170000000.0,170000000.0,370000000.0,370000000.0,5.9E-01,0.59,3.73E-06,3.73e-06,,,,,,SFFL,1,298.0,7.559673065000516,False,2,1BRS_A_D,True,"A,D","100,74","Barnase,Barstar",True,False,False,True,6.445272686240668,0,2
1BRS_A_D,"HA102A,ED80A","HA100A,ED78A","COR,SUR",,"1BRS_A_D,1B2U_A_D,1B2S_A_D,1B3S_A_D,1X1W_A_D,1X1X_A_D",8.8E-10,8.8e-10,1E-14,1e-14,7739054,Barnase,Barstar,298,200000000.0,200000000.0,370000000.0,370000000.0,1.8E-01,0.18,3.73E-06,3.73e-06,,,,,,SFFL,1,298.0,6.742102040956446,False,2,1BRS_A_D,True,"A,D","100,78","Barnase,Barstar",True,False,False,True,6.445272686240668,0,1
1BRS_A_D,"RA59A,DD39A","RA57A,DD39A","COR,COR",,"1BRS_A_D,1B2U_A_D,1B2S_A_D,1B3S_A_D,1X1W_A_D,1X1X_A_D",2.13E-06,2.13e-06,1E-14,1e-14,9126847,Barnase,Barstar,298,,,,,,,,,-1.7,-19.3,20.1,-1.01,,ITC,1,298.0,11.356250763800633,False,2,1BRS_A_D,True,"A,D","57,39","Barnase,Barstar",True,False,True,True,2.497251489137609,7,21
1BRS_A_D,EA73Q,EA71Q,SUP,,"1BRS_A_D,1B2U_A_D,1B2S_A_D,1B3S_A_D,1X1W_A_D,1X1X_A_D",1.16E-13,1.16e-13,1E-14,1e-14,9126847,Barnase,Barstar,298,,,,,,,,,-10.0,-19.3,25.5,-1.01,,ITC,1,298.0,1.4514530351379173,True,1,1BRS_A_D,True,A,71,Barnase,True,False,False,False,8.760517450470605,0,0
1BRS_A_D,"EA73Q,DD39A","EA71Q,DD39A","SUP,COR",,"1BRS_A_D,1B2U_A_D,1B2S_A_D,1B3S_A_D,1X1W_A_D,1X1X_A_D",1.92E-09,1.92e-09,1E-14,1e-14,9126847,Barnase,Barstar,298,,,,,,,,,-6.3,-19.3,18.4,-1.01,,ITC,1,298.0,7.2041016945337715,False,2,1BRS_A_D,True,"A,D","71,39","Barnase,Barstar",True,False,True,True,2.497251489137609,6,17
1BRS_A_D,"EA73Q,ED76A","EA71Q,ED74A","SUP,RIM",,"1BRS_A_D,1B2U_A_D,1B2S_A_D,1B3S_A_D,1X1W_A_D,1X1X_A_D",3.85E-12,3.85e-12,1E-14,1e-14,9126847,Barnase,Barstar,298,,,,,,,,,-8.1,-19.3,24.8,-1.01,,ITC,1,298.0,3.525432530973302,False,2,1BRS_A_D,True,"A,D","71,74","Barnase,Barstar",True,False,False,True,7.217779921831924,0,1
1BRS_A_D,EA73W,EA71W,SUP,,"1BRS_A_D,1B2U_A_D,1B2S_A_D,1B3S_A_D,1X1W_A_D,1X1X_A_D",1.64E-13,1.64e-13,1E-14,1e-14,9126847,Barnase,Barstar,298,,,,,,,,,-8.5,-19.3,29.9,-1.01,,ITC,1,298.0,1.6565132755949135,True,1,1BRS_A_D,True,A,71,Barnase,True,False,False,False,8.760517450470605,0,0
1BRS_A_D,"EA73W,DD39A","EA71W,DD39A","SUP,COR",,"1BRS_A_D,1B2U_A_D,1B2S_A_D,1B3S_A_D,1X1W_A_D,1X1X_A_D",7.69E-10,7.69e-10,1E-14,1e-14,9126847,Barnase,Barstar,298,,,,,,,,,-7.9,-19.3,15.1,-1.01,,ITC,1,298.0,6.662256929947559,False,2,1BRS_A_D,True,"A,D","71,39","Barnase,Barstar",True,False,True,True,2.497251489137609,6,17
1BRS_A_D,"EA73W,DD35A","EA71W,DD35A","SUP,COR",,"1BRS_A_D,1B2U_A_D,1B2S_A_D,1B3S_A_D,1X1W_A_D,1X1X_A_D",1.54E-10,1.54e-10,1E-14,1e-14,9126847,Barnase,Barstar,298,,,,,,,,,-4.7,-19.3,28.8,-1.01,,ITC,1,298.0,5.709938505300009,False,2,1BRS_A_D,True,"A,D","71,35","Barnase,Barstar",True,False,True,True,2.877266237246737,7,17
1BRS_A_D,"EA73W,ED76A","EA71W,ED74A","SUP,RIM",,"1BRS_A_D,1B2U_A_D,1B2S_A_D,1B3S_A_D,1X1W_A_D,1X1X_A_D",4E-12,4e-12,1E-14,1e-14,9126847,Barnase,Barstar,298,,,,,,,,,-6.5,-19.3,30.2,-1.01,,ITC,1,298.0,3.548066631325543,False,2,1BRS_A_D,True,"A,D","71,74","Barnase,Barstar",True,False,False,True,7.217779921831924,0,1
1BRS_A_D,EA73Y,EA71Y,SUP,,"1BRS_A_D,1B2U_A_D,1B2S_A_D,1B3S_A_D,1X1W_A_D,1X1X_A_D",5.88E-13,5.88e-13,1E-14,1e-14,9126847,Barnase,Barstar,298,,,,,,,,,-10.7,-19.3,19.8,-1.01,,ITC,1,298.0,2.4126533092232236,True,1,1BRS_A_D,True,A,71,Barnase,True,False,False,False,8.760517450470605,0,0
1BRS_A_D,EA73F,EA71F,SUP,,"1BRS_A_D,1B2U_A_D,1B2S_A_D,1B3S_A_D,1X1W_A_D,1X1X_A_D",4.35E-13,4.35e-13,1E-14,1e-14,9126847,Barnase,Barstar,298,,,,,,,,,-9.0,-19.3,26.2,-1.01,,ITC,1,298.0,2.2341794876986003,True,1,1BRS_A_D,True,A,71,Barnase,True,False,False,False,8.760517450470605,0,0
1BRS_A_D,"EA73F,DD39A","EA71F,DD39A","SUP,COR",,"1BRS_A_D,1B2U_A_D,1B2S_A_D,1B3S_A_D,1X1W_A_D,1X1X_A_D",3E-09,3e-09,1E-14,1e-14,9126847,Barnase,Barstar,298,,,,,,,,,-9.0,-19.3,8.72,-1.01,,ITC,1,298.0,7.468387056547834,False,2,1BRS_A_D,True,"A,D","71,39","Barnase,Barstar",True,False,True,True,2.497251489137609,6,17
1BRS_A_D,"EA73F,DD35A","EA71F,DD35A","SUP,COR",,"1BRS_A_D,1B2U_A_D,1B2S_A_D,1B3S_A_D,1X1W_A_D,1X1X_A_D",5E-10,5e-10,1E-14,1e-14,9126847,Barnase,Barstar,298,,,,,,,,,-3.7,-19.3,29.9,-1.01,,ITC,1,298.0,6.407330626330247,False,2,1BRS_A_D,True,"A,D","71,35","Barnase,Barstar",True,False,True,True,2.877266237246737,7,17
1BRS_A_D,EA73C,EA71C,SUP,,"1BRS_A_D,1B2U_A_D,1B2S_A_D,1B3S_A_D,1X1W_A_D,1X1X_A_D",7.14E-13,7.14e-13,1E-14,1e-14,9126847,Barnase,Barstar,298,,,,,,,,,-8.9,-19.3,25.5,-1.01,,ITC,1,298.0,2.527629951527089,True,1,1BRS_A_D,True,A,71,Barnase,True,False,False,False,8.760517450470605,0,0
1BRS_A_D,EA73S,EA71S,SUP,,"1BRS_A_D,1B2U_A_D,1B2S_A_D,1B3S_A_D,1X1W_A_D,1X1X_A_D",1.61E-12,1.61e-12,1E-14,1e-14,9126847,Barnase,Barstar,298,,,,,,,,,-7.7,-19.3,27.8,-1.01,,ITC,1,298.0,3.0091409414040218,True,1,1BRS_A_D,True,A,71,Barnase,True,False,False,False,8.760517450470605,0,0
1BRS_A_D,EA73A,EA71A,SUP,,"1BRS_A_D,1B2U_A_D,1B2S_A_D,1B3S_A_D,1X1W_A_D,1X1X_A_D",5.26E-13,5.26e-13,1E-14,1e-14,9126847,Barnase,Barstar,298,,,,,,,,,-7.3,-19.3,31.5,-1.01,,ITC,1,298.0,2.346668451983904,True,1,1BRS_A_D,True,A,71,Barnase,True,False,False,False,8.760517450470605,0,0
1BRS_A_D,"EA73A,DD39A","EA71A,DD39A","SUP,COR",,"1BRS_A_D,1B2U_A_D,1B2S_A_D,1B3S_A_D,1X1W_A_D,1X1X_A_D",1.85E-09,1.85e-09,1E-14,1e-14,9126847,Barnase,Barstar,298,,,,,,,,,-11.9,-19.3,0.0,-1.01,,ITC,1,298.0,7.18210814250691,False,2,1BRS_A_D,True,"A,D","71,39","Barnase,Barstar",True,False,True,True,2.497251489137609,6,17
1BRS_A_D,"EA73A,DD35A","EA71A,DD35A","SUP,COR",,"1BRS_A_D,1B2U_A_D,1B2S_A_D,1B3S_A_D,1X1W_A_D,1X1X_A_D",5.26E-10,5.26e-10,1E-14,1e-14,9126847,Barnase,Barstar,298,,,,,,,,,-3.0,-19.3,32.2,-1.01,,ITC,1,298.0,6.437350422980413,False,2,1BRS_A_D,True,"A,D","71,35","Barnase,Barstar",True,False,True,True,2.877266237246737,7,17
1BRS_A_D,RA59K,RA57K,COR,,"1BRS_A_D,1B2U_A_D,1B2S_A_D,1B3S_A_D,1X1W_A_D,1X1X_A_D",4E-12,4e-12,6E-14,6e-14,8507637,Barnase,Barstar,298,,,,,,,,,,,,,,IAFL,1,298.0,2.487010201107956,True,1,1BRS_A_D,True,A,57,Barnase,True,False,True,True,4.514876963993591,1,4
1BRS_A_D,RA59A,RA57A,COR,,"1BRS_A_D,1B2U_A_D,1B2S_A_D,1B3S_A_D,1X1W_A_D,1X1X_A_D",1.5E-10,1.5e-10,6E-14,6e-14,8507637,Barnase,Barstar,298,,,,,,,,,,,,,,IAFL,1,298.0,4.6332973106674755,True,1,1BRS_A_D,True,A,57,Barnase,True,False,True,True,4.514876963993591,1,4
1BRS_A_D,HA102Q,HA100Q,COR,,"1BRS_A_D,1B2U_A_D,1B2S_A_D,1B3S_A_D,1X1W_A_D,1X1X_A_D",1.3E-10,1.3e-10,6E-14,6e-14,8507637,Barnase,Barstar,298,,,,,,,,,,,,,,IAFL,1,298.0,4.5485548701099185,True,1,1BRS_A_D,True,A,100,Barnase,True,False,False,True,6.445272686240668,0,1
1BRS_A_D,HA102D,HA100D,COR,,"1BRS_A_D,1B2U_A_D,1B2S_A_D,1B3S_A_D,1X1W_A_D,1X1X_A_D",1.3E-10,1.3e-10,6E-14,6e-14,8507637,Barnase,Barstar,298,,,,,,,,,,,,,,IAFL,1,298.0,4.5485548701099185,True,1,1BRS_A_D,True,A,100,Barnase,True,False,False,True,6.445272686240668,0,1
1BRS_A_D,HA102G,HA100G,COR,,"1BRS_A_D,1B2U_A_D,1B2S_A_D,1B3S_A_D,1X1W_A_D,1X1X_A_D",6E-09,6e-09,6E-14,6e-14,8507637,Barnase,Barstar,298,,,,,,,,,,,,,,IAFL,1,298.0,6.817803284994182,True,1,1BRS_A_D,True,A,100,Barnase,True,False,False,True,6.445272686240668,0,1
1BRS_A_D,HA102A,HA100A,COR,,"1BRS_A_D,1B2U_A_D,1B2S_A_D,1B3S_A_D,1X1W_A_D,1X1X_A_D",7E-09,7e-09,6E-14,6e-14,8507637,Barnase,Barstar,298,,,,,,,,,,,,,,IAFL,1,298.0,6.909089293446864,True,1,1BRS_A_D,True,A,100,Barnase,True,False,False,True,6.445272686240668,0,1
1BRS_A_D,HA102L,HA100L,COR,,"1BRS_A_D,1B2U_A_D,1B2S_A_D,1B3S_A_D,1X1W_A_D,1X1X_A_D",2.5E-08,2.5e-08,6E-14,6e-14,8507637,Barnase,Barstar,298,,,,,,,,,,,,,,IAFL,1,298.0,7.662922851446397,True,1,1BRS_A_D,True,A,100,Barnase,True,False,False,True,6.445272686240668,0,1
1BRS_A_D,"HA102Q,RA59K","HA100Q,RA57K","COR,COR",,"1BRS_A_D,1B2U_A_D,1B2S_A_D,1B3S_A_D,1X1W_A_D,1X1X_A_D",7E-09,7e-09,6E-14,6e-14,8507637,Barnase,Barstar,298,,,,,,,,,,,,,,IAFL,1,298.0,6.909089293446864,False,2,1BRS_A_D,True,"A,A","100,57","Barnase,Barnase",True,False,True,True,4.514876963993591,1,5
1BRS_A_D,"HA102Q,RA59A","HA100Q,RA57A","COR,COR",,"1BRS_A_D,1B2U_A_D,1B2S_A_D,1B3S_A_D,1X1W_A_D,1X1X_A_D",4E-07,4e-07,6E-14,6e-14,8507637,Barnase,Barstar,298,,,,,,,,,,,,,,IAFL,1,298.0,9.304813486102137,False,2,1BRS_A_D,True,"A,A","100,57","Barnase,Barnase",True,False,True,True,4.514876963993591,1,5
1BRS_A_D,DD35A,DD35A,COR,,"1BRS_A_D,1B2U_A_D,1B2S_A_D,1B3S_A_D,1X1W_A_D,1X1X_A_D",1.27E-07,1.27e-07,1.32E-10,1.32e-10,"Water-mediated interaction at a protein-protein interface, Chemical Physics, Volume 307, Issues 2-3, 2004",Barnase,Barstar,298,214000.0,214000.0,874000.0,874000.0,2.73E-02,0.0273,1.15E-04,0.000115,,,,,,SPR,1,298.0,4.0678147720901565,True,1,1BRS_A_D,True,D,35,Barstar,True,True,True,True,2.877266237246737,7,17
1BRS_A_D,DD39A,DD39A,COR,,"1BRS_A_D,1B2U_A_D,1B2S_A_D,1B3S_A_D,1X1W_A_D,1X1X_A_D",2.96E-06,2.96e-06,1.32E-10,1.32e-10,"Water-mediated interaction at a protein-protein interface, Chemical Physics, Volume 307, Issues 2-3, 2004",Barnase,Barstar,298,155000.0,155000.0,874000.0,874000.0,4.57E-01,0.457,1.15E-04,0.000115,,,,,,SPR,1,298.0,5.932467594312997,True,1,1BRS_A_D,True,D,39,Barstar,True,True,True,True,2.497251489137609,6,17
1BRS_A_D,ED76A,ED74A,RIM,,"1BRS_A_D,1B2U_A_D,1B2S_A_D,1B3S_A_D,1X1W_A_D,1X1X_A_D",5.3E-10,5.3e-10,1.32E-10,1.32e-10,"Water-mediated interaction at a protein-protein interface, Chemical Physics, Volume 307, Issues 2-3, 2004",Barnase,Barstar,298,897000.0,897000.0,874000.0,874000.0,4.75E-04,0.000475,1.15E-04,0.000115,,,,,,SPR,1,298.0,0.8231842117492743,True,1,1BRS_A_D,True,D,74,Barstar,True,False,False,True,7.217779921831924,0,1
1BRS_A_D,ED80A,ED78A,SUR,,"1BRS_A_D,1B2U_A_D,1B2S_A_D,1B3S_A_D,1X1W_A_D,1X1X_A_D",2.64E-10,2.64e-10,1.32E-10,1.32e-10,"Water-mediated interaction at a protein-protein interface, Chemical Physics, Volume 307, Issues 2-3, 2004",Barnase,Barstar,298,862000.0,862000.0,874000.0,874000.0,2.28E-04,0.000228,1.15E-04,0.000115,,,,,,SPR,1,298.0,0.41047265866393506,True,1,1BRS_A_D,True,D,78,Barstar,True,False,False,False,9.268577344986664,0,0
1BRS_A_D,KA27A,KA25A,COR,,"1BRS_A_D,1B2U_A_D,1B2S_A_D,1B3S_A_D,1X1W_A_D,1X1X_A_D",1.2E-10,1.2e-10,1.3E-14,1.3e-14,8494892,Barnase,Barstar,298,55000000.0,55000000.0,600000000.0,600000000.0,6.6E-03,0.0066,8E-06,8e-06,,,,,,SFFL,1,298.0,5.40684238754587,True,1,1BRS_A_D,True,A,25,Barnase,True,False,False,False,10.11322624091838,0,0
1BRS_A_D,WA35F,WA33F,SUP,,"1BRS_A_D,1B2U_A_D,1B2S_A_D,1B3S_A_D,1X1W_A_D,1X1X_A_D",1.4E-13,1.4e-13,1.3E-14,1.3e-14,8494892,Barnase,Barstar,298,560000000.0,560000000.0,600000000.0,600000000.0,8E-05,8e-05,8E-06,8e-06,,,,,,SFFL,1,298.0,1.4074464250020438,True,1,1BRS_A_D,True,A,33,Barnase,True,False,False,False,12.629720741172388,0,0
1BRS_A_D,DA54A,DA52A,INT,,"1BRS_A_D,1B2U_A_D,1B2S_A_D,1B3S_A_D,1X1W_A_D,1X1X_A_D",2.9E-15,2.9e-15,1.3E-14,1.3e-14,8494892,Barnase,Barstar,298,1800000000.0,1800000000.0,600000000.0,600000000.0,5.3E-06,5.3e-06,8E-06,8e-06,,,,,,SFFL,1,298.0,-0.8884216115209495,True,1,1BRS_A_D,True,A,52,Barnase,True,False,False,False,8.872311649170127,0,0
1BRS_A_D,NA58A,NA56A,SUP,,"1BRS_A_D,1B2U_A_D,1B2S_A_D,1B3S_A_D,1X1W_A_D,1X1X_A_D",2.3E-12,2.3e-12,1.3E-14,1.3e-14,8494892,Barnase,Barstar,298,280000000.0,280000000.0,600000000.0,600000000.0,6.4E-04,0.00064,8E-06,8e-06,,,,,,SFFL,1,298.0,3.064990487400429,True,1,1BRS_A_D,True,A,56,Barnase,True,False,True,True,3.514054780449503,1,6
1BRS_A_D,RA59A,RA57A,COR,,"1BRS_A_D,1B2U_A_D,1B2S_A_D,1B3S_A_D,1X1W_A_D,1X1X_A_D",8.2E-11,8.2e-11,1.3E-14,1.3e-14,8494892,Barnase,Barstar,298,45000000.0,45000000.0,600000000.0,600000000.0,3.7E-03,0.0037,8E-06,8e-06,,,,,,SFFL,1,298.0,5.181353915595327,True,1,1BRS_A_D,True,A,57,Barnase,True,False,True,True,4.514876963993591,1,4
1BRS_A_D,EA60A,EA58A,RIM,,"1BRS_A_D,1B2U_A_D,1B2S_A_D,1B3S_A_D,1X1W_A_D,1X1X_A_D",7.5E-15,7.5e-15,1.3E-14,1.3e-14,8494892,Barnase,Barstar,298,4500000000.0,4500000000.0,600000000.0,600000000.0,3.4E-05,3.4e-05,8E-06,8e-06,,,,,,SFFL,1,298.0,-0.3257302181063783,True,1,1BRS_A_D,True,A,58,Barnase,True,False,True,True,3.6967883358396376,1,3
1BRS_A_D,EA73A,EA71A,SUP,,"1BRS_A_D,1B2U_A_D,1B2S_A_D,1B3S_A_D,1X1W_A_D,1X1X_A_D",3.2E-13,3.2e-13,1.3E-14,1.3e-14,8494892,Barnase,Barstar,298,2300000000.0,2300000000.0,600000000.0,600000000.0,7.4E-04,0.00074,8E-06,8e-06,,,,,,SFFL,1,298.0,1.8969946209875153,True,1,1BRS_A_D,True,A,71,Barnase,True,False,False,False,8.760517450470605,0,0
1BRS_A_D,RA87A,RA85A,SUP,,"1BRS_A_D,1B2U_A_D,1B2S_A_D,1B3S_A_D,1X1W_A_D,1X1X_A_D",3E-10,3e-10,1.3E-14,1.3e-14,8494892,Barnase,Barstar,298,230000000.0,230000000.0,600000000.0,600000000.0,6.7E-02,0.067,8E-06,8e-06,,,,,,SFFL,1,298.0,5.949457727216838,True,1,1BRS_A_D,True,A,85,Barnase,True,False,True,True,3.55007352036546,1,7
1BRS_A_D,HA102A,HA100A,COR,,"1BRS_A_D,1B2U_A_D,1B2S_A_D,1B3S_A_D,1X1W_A_D,1X1X_A_D",5E-10,5e-10,1.3E-14,1.3e-14,8494892,Barnase,Barstar,298,440000000.0,440000000.0,600000000.0,600000000.0,2.2E-01,0.22,8E-06,8e-06,,,,,,SFFL,1,298.0,6.251961953998086,True,1,1BRS_A_D,True,A,100,Barnase,True,False,False,True,6.445272686240668,0,1
1BRS_A_D,KA27A,KA25A,COR,,"1BRS_A_D,1B2U_A_D,1B2S_A_D,1B3S_A_D,1X1W_A_D,1X1X_A_D",3E-10,3e-10,1.3E-13,1.3e-13,8494892,Barnase,Barstar,298,20000000.0,20000000.0,120000000.0,120000000.0,6.1E-03,0.0061,1.5E-05,1.5e-05,,,,,"1mM NaCl,,",SFFL,1,298.0,4.585897070218001,True,1,1BRS_A_D,True,A,25,Barnase,True,False,False,False,10.11322624091838,0,0
1BRS_A_D,WA35F,WA33F,SUP,,"1BRS_A_D,1B2U_A_D,1B2S_A_D,1B3S_A_D,1X1W_A_D,1X1X_A_D",8.5E-13,8.5e-13,1.3E-13,1.3e-13,8494892,Barnase,Barstar,298,110000000.0,110000000.0,120000000.0,120000000.0,9.6E-05,9.6e-05,1.5E-05,1.5e-05,,,,,"1mM NaCl,,",SFFL,1,298.0,1.1119504086419734,True,1,1BRS_A_D,True,A,33,Barnase,True,False,False,False,12.629720741172388,0,0
1BRS_A_D,DA54A,DA52A,INT,,"1BRS_A_D,1B2U_A_D,1B2S_A_D,1B3S_A_D,1X1W_A_D,1X1X_A_D",9.8E-14,9.8e-14,1.3E-13,1.3e-13,8494892,Barnase,Barstar,298,180000000.0,180000000.0,120000000.0,120000000.0,1.8E-05,1.8e-05,1.5E-05,1.5e-05,,,,,"1mM NaCl,,",SFFL,1,298.0,-0.16733245032536,True,1,1BRS_A_D,True,A,52,Barnase,True,False,False,False,8.872311649170127,0,0
1BRS_A_D,NA58A,NA56A,SUP,,"1BRS_A_D,1B2U_A_D,1B2S_A_D,1B3S_A_D,1X1W_A_D,1X1X_A_D",2.5E-11,2.5e-11,1.3E-13,1.3e-13,8494892,Barnase,Barstar,298,36000000.0,36000000.0,120000000.0,120000000.0,9.1E-04,0.00091,1.5E-05,1.5e-05,,,,,"1mM NaCl,,",SFFL,1,298.0,3.114367981336479,True,1,1BRS_A_D,True,A,56,Barnase,True,False,True,True,3.514054780449503,1,6
1BRS_A_D,RA59A,RA57A,COR,,"1BRS_A_D,1B2U_A_D,1B2S_A_D,1B3S_A_D,1X1W_A_D,1X1X_A_D",5E-10,5e-10,1.3E-13,1.3e-13,8494892,Barnase,Barstar,298,13000000.0,13000000.0,120000000.0,120000000.0,6.5E-03,0.0065,1.5E-05,1.5e-05,,,,,"1mM NaCl,,",SFFL,1,298.0,4.888401296999251,True,1,1BRS_A_D,True,A,57,Barnase,True,False,True,True,4.514876963993591,1,4
1BRS_A_D,EA60A,EA58A,RIM,,"1BRS_A_D,1B2U_A_D,1B2S_A_D,1B3S_A_D,1X1W_A_D,1X1X_A_D",3.1E-13,3.1e-13,1.3E-13,1.3e-13,8494892,Barnase,Barstar,298,420000000.0,420000000.0,120000000.0,120000000.0,1.3E-04,0.00013,1.5E-05,1.5e-05,,,,,"1mM NaCl,,",SFFL,1,298.0,0.5146328017365618,True,1,1BRS_A_D,True,A,58,Barnase,True,False,True,True,3.6967883358396376,1,3
1BRS_A_D,EA73A,EA71A,SUP,,"1BRS_A_D,1B2U_A_D,1B2S_A_D,1B3S_A_D,1X1W_A_D,1X1X_A_D",1.5E-11,1.5e-11,1.3E-13,1.3e-13,8494892,Barnase,Barstar,298,180000000.0,180000000.0,120000000.0,120000000.0,2.6E-03,0.0026,1.5E-05,1.5e-05,,,,,"1mM NaCl,,",SFFL,1,298.0,2.8118637545552296,True,1,1BRS_A_D,True,A,71,Barnase,True,False,False,False,8.760517450470605,0,0
1BRS_A_D,HA102A,HA100A,COR,,"1BRS_A_D,1B2U_A_D,1B2S_A_D,1B3S_A_D,1X1W_A_D,1X1X_A_D",3.7E-09,3.7e-09,1.3E-13,1.3e-13,8494892,Barnase,Barstar,298,94000000.0,94000000.0,120000000.0,120000000.0,3.5E-01,0.35,1.5E-05,1.5e-05,,,,,"1mM NaCl,,",SFFL,1,298.0,6.073651471839849,True,1,1BRS_A_D,True,A,100,Barnase,True,False,False,True,6.445272686240668,0,1
