#Pdb,Mutation(s)_PDB,Mutation(s)_cleaned,iMutation_Location(s),Hold_out_type,Hold_out_proteins,Affinity_mut (M),Affinity_mut_parsed,Affinity_wt (M),Affinity_wt_parsed,Reference,Protein 1,Protein 2,Temperature,kon_mut (M^(-1)s^(-1)),kon_mut_parsed,kon_wt (M^(-1)s^(-1)),kon_wt_parsed,koff_mut (s^(-1)),koff_mut_parsed,koff_wt (s^(-1)),koff_wt_parsed,dH_mut (kcal mol^(-1)),dH_wt (kcal mol^(-1)),dS_mut (cal mol^(-1) K^(-1)),dS_wt (cal mol^(-1) K^(-1)),Notes,Method,SKEMPI version,pdb_id,chains,ddg,n_muts,mut_parsed,wt_aa,chain,resnum,mut_aa
1BRS_A_D,KA27A,KA25A,COR,,"1BRS_A_D,1B2U_A_D,1B2S_A_D,1B3S_A_D,1X1W_A_D,1X1X_A_D",8.8E-11,8.8e-11,1E-14,1e-14,7739054,Barnase,Barstar,298,51000000.0,51000000.0,370000000.0,370000000.0,4.5E-03,0.0045,3.73E-06,3.73e-06,-13.1,-19.3,1.68,-1.01,"Thermodynamic data from 9126847.,,",ITC,1,1BRS,A_D,5.379568896376189,1,"{'wt': 'K', 'chain': 'A', 'resnum': 25, 'mt': 'A'}",K,A,25,A
1BRS_A_D,RA59A,RA57A,COR,,"1BRS_A_D,1B2U_A_D,1B2S_A_D,1B3S_A_D,1X1W_A_D,1X1X_A_D",7E-11,7e-11,1E-14,1e-14,7739054,Barnase,Barstar,298,34000000.0,34000000.0,370000000.0,370000000.0,2.4E-03,0.0024,3.73E-06,3.73e-06,-11.9,-19.3,6.37,-1.01,"Thermodynamic data from 9126847.,,",ITC,1,1BRS,A_D,5.244026033026582,1,"{'wt': 'R', 'chain': 'A', 'resnum': 57, 'mt': 'A'}",R,A,57,A
1BRS_A_D,RA83Q,RA81Q,COR,,"1BRS_A_D,1B2U_A_D,1B2S_A_D,1B3S_A_D,1X1W_A_D,1X1X_A_D",9.4E-11,9.4e-11,1E-14,1e-14,7739054,Barnase,Barstar,298,110000000.0,110000000.0,370000000.0,370000000.0,1E-02,0.01,3.73E-06,3.73e-06,,,,,,SFFL,1,1BRS,A_D,5.41863580069927,1,"{'wt': 'R', 'chain': 'A', 'resnum': 81, 'mt': 'Q'}",R,A,81,Q
1BRS_A_D,RA87A,RA85A,SUP,,"1BRS_A_D,1B2U_A_D,1B2S_A_D,1B3S_A_D,1X1W_A_D,1X1X_A_D",1.2E-10,1.2e-10,1E-14,1e-14,7739054,Barnase,Barstar,298,140000000.0,140000000.0,370000000.0,370000000.0,1.7E-02,0.017,3.73E-06,3.73e-06,-17.3,-19.3,-12.7,-1.01,"Thermodynamic data from 9126847.,,",ITC,1,1BRS,A_D,5.563273660410553,1,"{'wt': 'R', 'chain': 'A', 'resnum': 85, 'mt': 'A'}",R,A,85,A
1BRS_A_D,HA102A,HA100A,COR,,"1BRS_A_D,1B2U_A_D,1B2S_A_D,1B3S_A_D,1X1W_A_D,1X1X_A_D",3.2E-10,3.2e-10,1E-14,1e-14,7739054,Barnase,Barstar,298,400000000.0,400000000.0,370000000.0,370000000.0,1.29E-01,0.129,3.73E-06,3.73e-06,-10.9,-19.3,6.71,-1.01,"Thermodynamic data from 9126847.,,",ITC,1,1BRS,A_D,6.144218826969398,1,"{'wt': 'H', 'chain': 'A', 'resnum': 100, 'mt': 'A'}",H,A,100,A
1BRS_A_D,YD29F,YD29F,RIM,,"1BRS_A_D,1B2U_A_D,1B2S_A_D,1B3S_A_D,1X1W_A_D,1X1X_A_D",8E-15,8e-15,1E-14,1e-14,7739054,Barnase,Barstar,298,300000000.0,300000000.0,370000000.0,370000000.0,2.4E-06,2.4e-06,3.73E-06,3.73e-06,-18.8,-19.3,1.01,-1.01,"Thermodynamic data from 9126847.,,",ITC,1,1BRS,A_D,-0.13216792544340641,1,"{'wt': 'Y', 'chain': 'D', 'resnum': 29, 'mt': 'F'}",Y,D,29,F
1BRS_A_D,YD29A,YD29A,RIM,,"1BRS_A_D,1B2U_A_D,1B2S_A_D,1B3S_A_D,1X1W_A_D,1X1X_A_D",3.5E-12,3.5e-12,1E-14,1e-14,7739054,Barnase,Barstar,298,290000000.0,290000000.0,370000000.0,370000000.0,1E-03,0.001,3.73E-06,3.73e-06,-14.2,-19.3,4.7,-1.01,"Thermodynamic data from 9126847.,,",ITC,1,1BRS,A_D,3.469653807400553,1,"{'wt': 'Y', 'chain': 'D', 'resnum': 29, 'mt': 'A'}",Y,D,29,A
1BRS_A_D,DD35A,DD35A,COR,,"1BRS_A_D,1B2U_A_D,1B2S_A_D,1B3S_A_D,1X1W_A_D,1X1X_A_D",2E-11,2e-11,1E-14,1e-14,7739054,Barnase,Barstar,298,190000000.0,190000000.0,370000000.0,370000000.0,3.8E-03,0.0038,3.73E-06,3.73e-06,-14.4,-19.3,0.335,-1.01,"Thermodynamic data from 9126847.,,",ITC,1,1BRS,A_D,4.502014526786776,1,"{'wt': 'D', 'chain': 'D', 'resnum': 35, 'mt': 'A'}",D,D,35,A
1BRS_A_D,WD38F,WD38F,COR,,"1BRS_A_D,1B2U_A_D,1B2S_A_D,1B3S_A_D,1X1W_A_D,1X1X_A_D",1.6E-13,1.6e-13,1E-14,1e-14,7739054,Barnase,Barstar,298,430000000.0,430000000.0,370000000.0,370000000.0,7E-05,7e-05,3.73E-06,3.73e-06,,,,,,SFFL,1,1BRS,A_D,1.6422043001826225,1,"{'wt': 'W', 'chain': 'D', 'resnum': 38, 'mt': 'F'}",W,D,38,F
1BRS_A_D,DD39A,DD39A,COR,,"1BRS_A_D,1B2U_A_D,1B2S_A_D,1B3S_A_D,1X1W_A_D,1X1X_A_D",4.06E-09,4.06e-09,1E-14,1e-14,7739054,Barnase,Barstar,298,190000000.0,190000000.0,370000000.0,370000000.0,9E-01,0.9,3.73E-06,3.73e-06,-7.4,-19.3,13.1,-1.01,"Thermodynamic data from 9126847. ITC dG(mut) is -11.1 kcal/mol,,",ITC,1,1BRS,A_D,7.649026428173227,1,"{'wt': 'D', 'chain': 'D', 'resnum': 39, 'mt': 'A'}",D,D,39,A
1BRS_A_D,TD42A,TD42A,COR,,"1BRS_A_D,1B2U_A_D,1B2S_A_D,1B3S_A_D,1X1W_A_D,1X1X_A_D",2.3E-13,2.3e-13,1E-14,1e-14,7739054,Barnase,Barstar,298,320000000.0,320000000.0,370000000.0,370000000.0,7.2E-05,7.2e-05,3.73E-06,3.73e-06,,,,,,SFFL,1,1BRS,A_D,1.8571532240948354,1,"{'wt': 'T', 'chain': 'D', 'resnum': 42, 'mt': 'A'}",T,D,42,A
1BRS_A_D,WD44F,WD44F,COR,,"1BRS_A_D,1B2U_A_D,1B2S_A_D,1B3S_A_D,1X1W_A_D,1X1X_A_D",1.1E-14,1.1e-14,1E-14,1e-14,7739054,Barnase,Barstar,298,310000000.0,310000000.0,370000000.0,370000000.0,3.4E-06,3.4e-06,3.73E-06,3.73e-06,,,,,,SFFL,1,1BRS,A_D,0.05645221949810166,1,"{'wt': 'W', 'chain': 'D', 'resnum': 44, 'mt': 'F'}",W,D,44,F
1BRS_A_D,ED76A,ED74A,RIM,,"1BRS_A_D,1B2U_A_D,1B2S_A_D,1B3S_A_D,1X1W_A_D,1X1X_A_D",1E-13,1e-13,1E-14,1e-14,7739054,Barnase,Barstar,298,200000000.0,200000000.0,370000000.0,370000000.0,2.1E-05,2.1e-05,3.73E-06,3.73e-06,-17.8,-19.3,-0.335,-1.01,"Thermodynamic data from 9126847.,,",ITC,1,1BRS,A_D,1.3638211505803735,1,"{'wt': 'E', 'chain': 'D', 'resnum': 74, 'mt': 'A'}",E,D,74,A
1BRS_A_D,ED80A,ED78A,SUR,,"1BRS_A_D,1B2U_A_D,1B2S_A_D,1B3S_A_D,1X1W_A_D,1X1X_A_D",2.5E-14,2.5e-14,1E-14,1e-14,7739054,Barnase,Barstar,298,210000000.0,210000000.0,370000000.0,370000000.0,5.2E-06,5.2e-06,3.73E-06,3.73e-06,,,,,,SFFL,1,1BRS,A_D,0.5427190004890621,1,"{'wt': 'E', 'chain': 'D', 'resnum': 78, 'mt': 'A'}",E,D,78,A
1BRS_A_D,EA73Q,EA71Q,SUP,,"1BRS_A_D,1B2U_A_D,1B2S_A_D,1B3S_A_D,1X1W_A_D,1X1X_A_D",1.16E-13,1.16e-13,1E-14,1e-14,9126847,Barnase,Barstar,298,,,,,,,,,-10.0,-19.3,25.5,-1.01,,ITC,1,1BRS,A_D,1.4517303196119267,1,"{'wt': 'E', 'chain': 'A', 'resnum': 71, 'mt': 'Q'}",E,A,71,Q
1BRS_A_D,EA73W,EA71W,SUP,,"1BRS_A_D,1B2U_A_D,1B2S_A_D,1B3S_A_D,1X1W_A_D,1X1X_A_D",1.64E-13,1.64e-13,1E-14,1e-14,9126847,Barnase,Barstar,298,,,,,,,,,-8.5,-19.3,29.9,-1.01,,ITC,1,1BRS,A_D,1.6568297346198997,1,"{'wt': 'E', 'chain': 'A', 'resnum': 71, 'mt': 'W'}",E,A,71,W
1BRS_A_D,EA73Y,EA71Y,SUP,,"1BRS_A_D,1B2U_A_D,1B2S_A_D,1B3S_A_D,1X1W_A_D,1X1X_A_D",5.88E-13,5.88e-13,1E-14,1e-14,9126847,Barnase,Barstar,298,,,,,,,,,-10.7,-19.3,19.8,-1.01,,ITC,1,1BRS,A_D,2.4131142206599834,1,"{'wt': 'E', 'chain': 'A', 'resnum': 71, 'mt': 'Y'}",E,A,71,Y
1BRS_A_D,EA73F,EA71F,SUP,,"1BRS_A_D,1B2U_A_D,1B2S_A_D,1B3S_A_D,1X1W_A_D,1X1X_A_D",4.35E-13,4.35e-13,1E-14,1e-14,9126847,Barnase,Barstar,298,,,,,,,,,-9.0,-19.3,26.2,-1.01,,ITC,1,1BRS,A_D,2.2346063036334542,1,"{'wt': 'E', 'chain': 'A', 'resnum': 71, 'mt': 'F'}",E,A,71,F
1BRS_A_D,EA73C,EA71C,SUP,,"1BRS_A_D,1B2U_A_D,1B2S_A_D,1B3S_A_D,1X1W_A_D,1X1X_A_D",7.14E-13,7.14e-13,1E-14,1e-14,9126847,Barnase,Barstar,298,,,,,,,,,-8.9,-19.3,25.5,-1.01,,ITC,1,1BRS,A_D,2.528112828013363,1,"{'wt': 'E', 'chain': 'A', 'resnum': 71, 'mt': 'C'}",E,A,71,C
1BRS_A_D,EA73S,EA71S,SUP,,"1BRS_A_D,1B2U_A_D,1B2S_A_D,1B3S_A_D,1X1W_A_D,1X1X_A_D",1.61E-12,1.61e-12,1E-14,1e-14,9126847,Barnase,Barstar,298,,,,,,,,,-7.7,-19.3,27.8,-1.01,,ITC,1,1BRS,A_D,3.009715805380298,1,"{'wt': 'E', 'chain': 'A', 'resnum': 71, 'mt': 'S'}",E,A,71,S
1BRS_A_D,EA73A,EA71A,SUP,,"1BRS_A_D,1B2U_A_D,1B2S_A_D,1B3S_A_D,1X1W_A_D,1X1X_A_D",5.26E-13,5.26e-13,1E-14,1e-14,9126847,Barnase,Barstar,298,,,,,,,,,-7.3,-19.3,31.5,-1.01,,ITC,1,1BRS,A_D,2.3471167577241725,1,"{'wt': 'E', 'chain': 'A', 'resnum': 71, 'mt': 'A'}",E,A,71,A
1BRS_A_D,RA59K,RA57K,COR,,"1BRS_A_D,1B2U_A_D,1B2S_A_D,1B3S_A_D,1X1W_A_D,1X1X_A_D",4E-12,4e-12,6E-14,6e-14,8507637,Barnase,Barstar,298,,,,,,,,,,,,,,IAFL,1,1BRS,A_D,2.487485317628281,1,"{'wt': 'R', 'chain': 'A', 'resnum': 57, 'mt': 'K'}",R,A,57,K
1BRS_A_D,RA59A,RA57A,COR,,"1BRS_A_D,1B2U_A_D,1B2S_A_D,1B3S_A_D,1X1W_A_D,1X1X_A_D",1.5E-10,1.5e-10,6E-14,6e-14,8507637,Barnase,Barstar,298,,,,,,,,,,,,,,IAFL,1,1BRS,A_D,4.634182452230182,1,"{'wt': 'R', 'chain': 'A', 'resnum': 57, 'mt': 'A'}",R,A,57,A
1BRS_A_D,HA102Q,HA100Q,COR,,"1BRS_A_D,1B2U_A_D,1B2S_A_D,1B3S_A_D,1X1W_A_D,1X1X_A_D",1.3E-10,1.3e-10,6E-14,6e-14,8507637,Barnase,Barstar,298,,,,,,,,,,,,,,IAFL,1,1BRS,A_D,4.5494238225418115,1,"{'wt': 'H', 'chain': 'A', 'resnum': 100, 'mt': 'Q'}",H,A,100,Q
1BRS_A_D,HA102D,HA100D,COR,,"1BRS_A_D,1B2U_A_D,1B2S_A_D,1B3S_A_D,1X1W_A_D,1X1X_A_D",1.3E-10,1.3e-10,6E-14,6e-14,8507637,Barnase,Barstar,298,,,,,,,,,,,,,,IAFL,1,1BRS,A_D,4.5494238225418115,1,"{'wt': 'H', 'chain': 'A', 'resnum': 100, 'mt': 'D'}",H,A,100,D
1BRS_A_D,HA102G,HA100G,COR,,"1BRS_A_D,1B2U_A_D,1B2S_A_D,1B3S_A_D,1X1W_A_D,1X1X_A_D",6E-09,6e-09,6E-14,6e-14,8507637,Barnase,Barstar,298,,,,,,,,,,,,,,IAFL,1,1BRS,A_D,6.819105752901867,1,"{'wt': 'H', 'chain': 'A', 'resnum': 100, 'mt': 'G'}",H,A,100,G
1BRS_A_D,HA102A,HA100A,COR,,"1BRS_A_D,1B2U_A_D,1B2S_A_D,1B3S_A_D,1X1W_A_D,1X1X_A_D",7E-09,7e-09,6E-14,6e-14,8507637,Barnase,Barstar,298,,,,,,,,,,,,,,IAFL,1,1BRS,A_D,6.910409200563552,1,"{'wt': 'H', 'chain': 'A', 'resnum': 100, 'mt': 'A'}",H,A,100,A
1BRS_A_D,HA102L,HA100L,COR,,"1BRS_A_D,1B2U_A_D,1B2S_A_D,1B3S_A_D,1X1W_A_D,1X1X_A_D",2.5E-08,2.5e-08,6E-14,6e-14,8507637,Barnase,Barstar,298,,,,,,,,,,,,,,IAFL,1,1BRS,A_D,7.664386770347525,1,"{'wt': 'H', 'chain': 'A', 'resnum': 100, 'mt': 'L'}",H,A,100,L
1BRS_A_D,DD35A,DD35A,COR,,"1BRS_A_D,1B2U_A_D,1B2S_A_D,1B3S_A_D,1X1W_A_D,1X1X_A_D",1.27E-07,1.27e-07,1.32E-10,1.32e-10,"Water-mediated interaction at a protein-protein interface, Chemical Physics, Volume 307, Issues 2-3, 2004",Barnase,Barstar,298,214000.0,214000.0,874000.0,874000.0,2.73E-02,0.0273,1.15E-04,0.000115,,,,,,SPR,1,1BRS,A_D,4.068591884302636,1,"{'wt': 'D', 'chain': 'D', 'resnum': 35, 'mt': 'A'}",D,D,35,A
1BRS_A_D,DD39A,DD39A,COR,,"1BRS_A_D,1B2U_A_D,1B2S_A_D,1B3S_A_D,1X1W_A_D,1X1X_A_D",2.96E-06,2.96e-06,1.32E-10,1.32e-10,"Water-mediated interaction at a protein-protein interface, Chemical Physics, Volume 307, Issues 2-3, 2004",Barnase,Barstar,298,155000.0,155000.0,874000.0,874000.0,4.57E-01,0.457,1.15E-04,0.000115,,,,,,SPR,1,1BRS,A_D,5.933600928369728,1,"{'wt': 'D', 'chain': 'D', 'resnum': 39, 'mt': 'A'}",D,D,39,A
1BRS_A_D,ED76A,ED74A,RIM,,"1BRS_A_D,1B2U_A_D,1B2S_A_D,1B3S_A_D,1X1W_A_D,1X1X_A_D",5.3E-10,5.3e-10,1.32E-10,1.32e-10,"Water-mediated interaction at a protein-protein interface, Chemical Physics, Volume 307, Issues 2-3, 2004",Barnase,Barstar,298,897000.0,897000.0,874000.0,874000.0,4.75E-04,0.000475,1.15E-04,0.000115,,,,,,SPR,1,1BRS,A_D,0.8233414722293876,1,"{'wt': 'E', 'chain': 'D', 'resnum': 74, 'mt': 'A'}",E,D,74,A
1BRS_A_D,ED80A,ED78A,SUR,,"1BRS_A_D,1B2U_A_D,1B2S_A_D,1B3S_A_D,1X1W_A_D,1X1X_A_D",2.64E-10,2.64e-10,1.32E-10,1.32e-10,"Water-mediated interaction at a protein-protein interface, Chemical Physics, Volume 307, Issues 2-3, 2004",Barnase,Barstar,298,862000.0,862000.0,874000.0,874000.0,2.28E-04,0.000228,1.15E-04,0.000115,,,,,,SPR,1,1BRS,A_D,0.41055107504565563,1,"{'wt': 'E', 'chain': 'D', 'resnum': 78, 'mt': 'A'}",E,D,78,A
1BRS_A_D,KA27A,KA25A,COR,,"1BRS_A_D,1B2U_A_D,1B2S_A_D,1B3S_A_D,1X1W_A_D,1X1X_A_D",1.2E-10,1.2e-10,1.3E-14,1.3e-14,8494892,Barnase,Barstar,298,55000000.0,55000000.0,600000000.0,600000000.0,6.6E-03,0.0066,8E-06,8e-06,,,,,,SFFL,1,1BRS,A_D,5.407875306566457,1,"{'wt': 'K', 'chain': 'A', 'resnum': 25, 'mt': 'A'}",K,A,25,A
1BRS_A_D,WA35F,WA33F,SUP,,"1BRS_A_D,1B2U_A_D,1B2S_A_D,1B3S_A_D,1X1W_A_D,1X1X_A_D",1.4E-13,1.4e-13,1.3E-14,1.3e-14,8494892,Barnase,Barstar,298,560000000.0,560000000.0,600000000.0,600000000.0,8E-05,8e-05,8E-06,8e-06,,,,,,SFFL,1,1BRS,A_D,1.4077153024870228,1,"{'wt': 'W', 'chain': 'A', 'resnum': 33, 'mt': 'F'}",W,A,33,F
1BRS_A_D,DA54A,DA52A,INT,,"1BRS_A_D,1B2U_A_D,1B2S_A_D,1B3S_A_D,1X1W_A_D,1X1X_A_D",2.9E-15,2.9e-15,1.3E-14,1.3e-14,8494892,Barnase,Barstar,298,1800000000.0,1800000000.0,600000000.0,600000000.0,5.3E-06,5.3e-06,8E-06,8e-06,,,,,,SFFL,1,1BRS,A_D,-0.8885913349038529,1,"{'wt': 'D', 'chain': 'A', 'resnum': 52, 'mt': 'A'}",D,A,52,A
1BRS_A_D,NA58A,NA56A,SUP,,"1BRS_A_D,1B2U_A_D,1B2S_A_D,1B3S_A_D,1X1W_A_D,1X1X_A_D",2.3E-12,2.3e-12,1.3E-14,1.3e-14,8494892,Barnase,Barstar,298,280000000.0,280000000.0,600000000.0,600000000.0,6.4E-04,0.00064,8E-06,8e-06,,,,,,SFFL,1,1BRS,A_D,3.065576020831114,1,"{'wt': 'N', 'chain': 'A', 'resnum': 56, 'mt': 'A'}",N,A,56,A
1BRS_A_D,RA59A,RA57A,COR,,"1BRS_A_D,1B2U_A_D,1B2S_A_D,1B3S_A_D,1X1W_A_D,1X1X_A_D",8.2E-11,8.2e-11,1.3E-14,1.3e-14,8494892,Barnase,Barstar,298,45000000.0,45000000.0,600000000.0,600000000.0,3.7E-03,0.0037,8E-06,8e-06,,,,,,SFFL,1,1BRS,A_D,5.182343757471269,1,"{'wt': 'R', 'chain': 'A', 'resnum': 57, 'mt': 'A'}",R,A,57,A
1BRS_A_D,EA60A,EA58A,RIM,,"1BRS_A_D,1B2U_A_D,1B2S_A_D,1B3S_A_D,1X1W_A_D,1X1X_A_D",7.5E-15,7.5e-15,1.3E-14,1.3e-14,8494892,Barnase,Barstar,298,4500000000.0,4500000000.0,600000000.0,600000000.0,3.4E-05,3.4e-05,8E-06,8e-06,,,,,,SFFL,1,1BRS,A_D,-0.32579244535728485,1,"{'wt': 'E', 'chain': 'A', 'resnum': 58, 'mt': 'A'}",E,A,58,A
1BRS_A_D,EA73A,EA71A,SUP,,"1BRS_A_D,1B2U_A_D,1B2S_A_D,1B3S_A_D,1X1W_A_D,1X1X_A_D",3.2E-13,3.2e-13,1.3E-14,1.3e-14,8494892,Barnase,Barstar,298,2300000000.0,2300000000.0,600000000.0,600000000.0,7.4E-04,0.00074,8E-06,8e-06,,,,,,SFFL,1,1BRS,A_D,1.8973570213841833,1,"{'wt': 'E', 'chain': 'A', 'resnum': 71, 'mt': 'A'}",E,A,71,A
1BRS_A_D,RA87A,RA85A,SUP,,"1BRS_A_D,1B2U_A_D,1B2S_A_D,1B3S_A_D,1X1W_A_D,1X1X_A_D",3E-10,3e-10,1.3E-14,1.3e-14,8494892,Barnase,Barstar,298,230000000.0,230000000.0,600000000.0,600000000.0,6.7E-02,0.067,8E-06,8e-06,,,,,,SFFL,1,1BRS,A_D,5.95059430705552,1,"{'wt': 'R', 'chain': 'A', 'resnum': 85, 'mt': 'A'}",R,A,85,A
1BRS_A_D,HA102A,HA100A,COR,,"1BRS_A_D,1B2U_A_D,1B2S_A_D,1B3S_A_D,1X1W_A_D,1X1X_A_D",5E-10,5e-10,1.3E-14,1.3e-14,8494892,Barnase,Barstar,298,440000000.0,440000000.0,600000000.0,600000000.0,2.2E-01,0.22,8E-06,8e-06,,,,,,SFFL,1,1BRS,A_D,6.253156324012116,1,"{'wt': 'H', 'chain': 'A', 'resnum': 100, 'mt': 'A'}",H,A,100,A
1BRS_A_D,KA27A,KA25A,COR,,"1BRS_A_D,1B2U_A_D,1B2S_A_D,1B3S_A_D,1X1W_A_D,1X1X_A_D",3E-10,3e-10,1.3E-13,1.3e-13,8494892,Barnase,Barstar,298,20000000.0,20000000.0,120000000.0,120000000.0,6.1E-03,0.0061,1.5E-05,1.5e-05,,,,,"1mM NaCl,,",SFFL,1,1BRS,A_D,4.586773156475147,1,"{'wt': 'K', 'chain': 'A', 'resnum': 25, 'mt': 'A'}",K,A,25,A
1BRS_A_D,WA35F,WA33F,SUP,,"1BRS_A_D,1B2U_A_D,1B2S_A_D,1B3S_A_D,1X1W_A_D,1X1X_A_D",8.5E-13,8.5e-13,1.3E-13,1.3e-13,8494892,Barnase,Barstar,298,110000000.0,110000000.0,120000000.0,120000000.0,9.6E-05,9.6e-05,1.5E-05,1.5e-05,,,,,"1mM NaCl,,",SFFL,1,1BRS,A_D,1.1121628347947463,1,"{'wt': 'W', 'chain': 'A', 'resnum': 33, 'mt': 'F'}",W,A,33,F
1BRS_A_D,DA54A,DA52A,INT,,"1BRS_A_D,1B2U_A_D,1B2S_A_D,1B3S_A_D,1X1W_A_D,1X1X_A_D",9.8E-14,9.8e-14,1.3E-13,1.3e-13,8494892,Barnase,Barstar,298,180000000.0,180000000.0,120000000.0,120000000.0,1.8E-05,1.8e-05,1.5E-05,1.5e-05,,,,,"1mM NaCl,,",SFFL,1,1BRS,A_D,-0.16736441738826174,1,"{'wt': 'D', 'chain': 'A', 'resnum': 52, 'mt': 'A'}",D,A,52,A
1BRS_A_D,NA58A,NA56A,SUP,,"1BRS_A_D,1B2U_A_D,1B2S_A_D,1B3S_A_D,1X1W_A_D,1X1X_A_D",2.5E-11,2.5e-11,1.3E-13,1.3e-13,8494892,Barnase,Barstar,298,36000000.0,36000000.0,120000000.0,120000000.0,9.1E-04,0.00091,1.5E-05,1.5e-05,,,,,"1mM NaCl,,",SFFL,1,1BRS,A_D,3.114962947805714,1,"{'wt': 'N', 'chain': 'A', 'resnum': 56, 'mt': 'A'}",N,A,56,A
1BRS_A_D,RA59A,RA57A,COR,,"1BRS_A_D,1B2U_A_D,1B2S_A_D,1B3S_A_D,1X1W_A_D,1X1X_A_D",5E-10,5e-10,1.3E-13,1.3e-13,8494892,Barnase,Barstar,298,13000000.0,13000000.0,120000000.0,120000000.0,6.5E-03,0.0065,1.5E-05,1.5e-05,,,,,"1mM NaCl,,",SFFL,1,1BRS,A_D,4.889335173431744,1,"{'wt': 'R', 'chain': 'A', 'resnum': 57, 'mt': 'A'}",R,A,57,A
1BRS_A_D,EA60A,EA58A,RIM,,"1BRS_A_D,1B2U_A_D,1B2S_A_D,1B3S_A_D,1X1W_A_D,1X1X_A_D",3.1E-13,3.1e-13,1.3E-13,1.3e-13,8494892,Barnase,Barstar,298,420000000.0,420000000.0,120000000.0,120000000.0,1.3E-04,0.00013,1.5E-05,1.5e-05,,,,,"1mM NaCl,,",SFFL,1,1BRS,A_D,0.5147311167920839,1,"{'wt': 'E', 'chain': 'A', 'resnum': 58, 'mt': 'A'}",E,A,58,A
1BRS_A_D,EA73A,EA71A,SUP,,"1BRS_A_D,1B2U_A_D,1B2S_A_D,1B3S_A_D,1X1W_A_D,1X1X_A_D",1.5E-11,1.5e-11,1.3E-13,1.3e-13,8494892,Barnase,Barstar,298,180000000.0,180000000.0,120000000.0,120000000.0,2.6E-03,0.0026,1.5E-05,1.5e-05,,,,,"1mM NaCl,,",SFFL,1,1BRS,A_D,2.812400930849118,1,"{'wt': 'E', 'chain': 'A', 'resnum': 71, 'mt': 'A'}",E,A,71,A
1BRS_A_D,HA102A,HA100A,COR,,"1BRS_A_D,1B2U_A_D,1B2S_A_D,1B3S_A_D,1X1W_A_D,1X1X_A_D",3.7E-09,3.7e-09,1.3E-13,1.3e-13,8494892,Barnase,Barstar,298,94000000.0,94000000.0,120000000.0,120000000.0,3.5E-01,0.35,1.5E-05,1.5e-05,,,,,"1mM NaCl,,",SFFL,1,1BRS,A_D,6.0748117775562,1,"{'wt': 'H', 'chain': 'A', 'resnum': 100, 'mt': 'A'}",H,A,100,A
